YEAR,WEEK,INFLATION
2025,9,0.69134552
2025,10,0.69134552
2025,11,0.69134552
2025,12,0.69134552
2025,13,0.69134552
