YEAR,WEEK,INFLATION
2025,9,0.56785798
2025,10,0.56785798
2025,11,0.56785798
2025,12,0.56785798
2025,13,0.56785798
